"Sample.Name","pHmean","SE"
"Tris",8.12167930356626,0.00047343072173488
