"Sample.Name","pHmean","SE"
"Tris",8.11135083220896,0.000411401341836373
