"Sample.Name","pHmean","SE"
"Tris",8.09758606421526,0.000256102179622247
