"Sample.Name","pHmean","SE"
"Tris",8.11332879180907,0.0017315691467452
