"Sample.Name","pHmean","SE"
"Tris",8.17580763779475,0.000303122575970579
