"Sample.Name","pHmean","SE"
"Tris",8.11101477228461,0.000146948680117802
