"Sample.Name","pHmean","SE"
"Tris",8.14605653131825,0.00036372069258085
