"Sample.Name","pHmean","SE"
"A",8.12157036654808,0.000641100489093786
"B",8.11744501235871,0.000424885095935811
"C",8.11892316287978,0.000200974629800361
"D",8.12066904583166,0.000559440312622659
"E",8.11729499796604,0.000391380878286344
"F",8.11779406860925,0.000199722640134302
