"Sample.Name","pHmean","SE"
"A",8.12826724776989,0.000649013174961012
"B",8.12707223608093,0.000133825723974282
"C",8.12692935458867,0.00033114835983103
"D",8.12925207864928,0.000574682730815689
"E",8.12692723670603,0.000107446251232109
"F",8.12347034171067,0.00102906753037307
