"Sample.Name","pHmean","SE"
"Tris",8.09658646804732,0.00107387039282605
