"Sample.Name","pHmean","SE"
"Tris",8.14757694144561,0.00160297470326999
