"Sample.Name","pHmean","SE"
"Tris",8.12420541933062,0.000274179481041115
