"Sample.Name","pHmean","SE"
"Tris",8.13270386334661,0.000455151919973907
