"Sample.Name","pHmean","SE"
"Tris",8.11978253886446,0.00123337389352134
