"Sample.Name","pHmean","SE"
"Tris",8.11077794265312,0.00173915216841883
