"Sample.Name","pHmean","SE"
"Tris",8.1057363048385,0.000119193704164255
