"Sample.Name","pHmean","SE"
"Tris",8.12196647375459,0.000486557420737739
