"Sample.Name","pHmean","SE"
"Tris",8.1313813764925,0.000155536850213287
