"Sample.Name","pHmean","SE"
"Tris",8.14024866223037,0.000120216027460374
