"Sample.Name","pHmean","SE"
"T25",7.7272140358786,0.271687376104275
"T26",8.43347178255102,0.276933623141397
"T27",7.38344533699065,0.228948878011305
"T28",7.4176688557271,0.0723489321970721
