"Sample.Name","pHmean","SE"
"Tris",8.14563309439748,0.000247602908464983
