"Sample.Name","pHmean","SE"
"Tris",8.14560528551846,0.000307991402835173
