"Sample.Name","pHmean","SE"
"Tris",8.12812328112907,0.000157503208233669
