"Sample.Name","pHmean","SE"
"T24",8.15314813511129,0.00147789726409687
