"Sample.Name","pHmean","SE"
"T23",8.17568242541896,0.00108804614144301
