"Sample.Name","pHmean","SE"
"T26",8.12396222782847,0.00165884524613282
