"Sample.Name","pHmean","SE"
"T27",8.10122390441735,0.00104347535729525
