"Sample.Name","pHmean","SE"
"T28",8.06536883512214,0.00328008377117491
