"Sample.Name","pHmean","SE"
"T25",8.14602945221901,0.00137424435507126
