"Sample.Name","pHmean","SE"
"Tris",8.09245723737944,0.000223428926255817
