"Sample.Name","pHmean","SE"
"Tris",8.11529465978883,0.000102029212561097
