"Sample.Name","pHmean","SE"
"Tris",8.12890145378066,0.000196093453996604
