"Sample.Name","pHmean","SE"
"Tris",8.13074565709802,0.00031958032688342
