"Sample.Name","pHmean","SE"
"Tris",8.12755616133853,0.000590439680692888
