"Sample.Name","pHmean","SE"
"Tris",8.10376680622102,0.000690708325298402
