"Sample.Name","pHmean","SE"
"Tris",8.13184173466781,0.000545058319193796
