"Sample.Name","pHmean","SE"
"Tris",8.15058222420837,0.000358819060526089
