"Sample.Name","pHmean","SE"
"Tris",8.12383390724682,0.000568598718010746
