"Sample.Name","pHmean","SE"
"Tris",8.11815526816888,0.00133205450773029
