"Sample.Name","pHmean","SE"
"Tris",8.13647483320574,0.000868619828960254
