"Sample.Name","pHmean","SE"
"Tris",8.13446473562445,0.00103534340427474
