"Sample.Name","pHmean","SE"
"Tris",8.13972587633923,0.000603016972505096
