"Sample.Name","pHmean","SE"
"Tris",8.10992044827602,0.00184998086913875
