"Sample.Name","pHmean","SE"
"Sump",8.17539060410749,0.0016956821907709
"Tank1",8.01941154636602,0.00172748336598794
"Tank20",7.95192222882635,0.00161830950236143
"Tank5",7.87031615490932,0.000522516635983034
"Tank7",7.94828114786505,0.000979831124970721
"TrisG",8.20810020703249,0.000626808898403039
"TrisP",8.20623742863995,0.000655821704040708
