"Sample.Name","pHmean","SE"
"Tris",8.10392677298134,0.00035455921726042
