"Sample.Name","pHmean","SE"
"Tris",8.1261559388523,0.00112476052217306
