"Sample.Name","pHmean","SE"
"Tris",8.12814266134154,0.000611969272560568
