"Sample.Name","pHmean","SE"
"Tris",8.12926446497971,0.000811635897474545
