"Sample.Name","pHmean","SE"
"Tris",8.13633463394075,0.000628105297078639
