"Sample.Name","pHmean","SE"
"Tris",8.09680351884837,0.00090209560700414
