"Sample.Name","pHmean","SE"
"Tris",8.09555593128686,0.000902162771264456
