"Sample.Name","pHmean","SE"
"Tris",8.10658532776591,0.00150270694143191
