"Sample.Name","pHmean","SE"
"Tris",8.21702055188328,0.000951280526864126
