"Sample.Name","pHmean","SE"
"Tris",8.11274190654661,0.00166667023334509
